;Titulo;precio
0;Batería 10 Piezas Antiadherente Gris Talent;199.900
1;Bateria 6 Piezas + Utensilio Gris Talent;149.900
2;Batería 10 Piezas Prograde Negra T-fal;599.900
3;Cuchillo X5 Unidades +Tijera Con Taco Madera;34.900
4;Tabla Picar 40x25Cm + Cuchillo X2Und 20 Y 12Cm Acero Inoxidable;29.900
5;Batería 7 Piezas Acero Tapa Vidrio;136.900
6;Sartén X3Und 20 24 Y 32 Cm Antiadherente Negro;42.900
7;Cafetera 350Ml Presión Negra Home Collection;14.900
8;Bateria 10 Piezas Acero Inoxidable;179.900
9;Batería 11 Piezas L39135 Aliada;189.900
10;Tabla en Bambu de 36 x 24 cm;19.900
11;Molde Arepa - Patacón Casa Bonita;10.900
12;Sartén Para Arepas IMUSA Smart Antiadherente;26.900
13;Chocolatera de 2 Litro con Tapa Roja;34.900
14;Bateria Antiadherente De 7 Piezas Con Tapas En Vidrio;109.900
15;Batería Antiadherente De 10 Piezas;219.900
16;Sartén 20cm Antiadherente Con Tapa Vidrio Talent;41.900
17;Portahuevos gallina rejilla cromado;29.900
18;Batería 12 Piezas Gris Antiadherente Talent;244.900
19;Recipiente x6 Unidades 0.32-0.8-0.37-0.64-1.05 -1.5Lt Tapa;89.900
20;Bateria 9 Piezas Acero Ring Roja;249.900
21;Pinza Acero 30Cm;14.900
22;Batería Antiadherente De 5 Piezas Con Tapas De Vidrio;104.900
23;Colador 16Cm Mango Negro;19.900
24;Plancha 27cm Cuadrada Talent;84.900
25;Batería 7 piezas IMUSA Talent Antiadherente;184.900
26;Parrilla asar arepas;24.900
27;Espumador De Leche Negro;16.900
